id	category	difficulty	tags	question	answer	source_path	arc_id	arc_position	prerequisite_card_id
arc-inc-001	sre	easy	arc-incident-lifecycle, alert, detection	It is 3 AM and a PagerDuty alert fires: "HTTP 5xx error rate > 5% for 5 minutes." What should the on-call engineer do in the first 60 seconds?	Acknowledge the alert within the SLA (typically 5 minutes for P1). Read the alert details: which service, what metric, what threshold was breached. Open the linked runbook if one exists. Check the alert's dashboard link for current impact. Do NOT start debugging yet — first assess whether this is a real incident requiring an incident channel, or a transient spike that has already recovered.	training/library/topics/incident-triage	arc-incident-lifecycle	1	
arc-inc-002	sre	easy	arc-incident-lifecycle, triage, severity	The error rate is sustained and customers are affected. How do you triage the incident and determine its severity?	Classify by customer impact: P1/SEV1 — complete service outage or data loss for many users. P2/SEV2 — degraded service (high latency, partial errors) for a subset. P3/SEV3 — minor impact, workaround available. Check: are errors increasing or stable? How many users/requests are affected? Is revenue impact occurring? Open an incident channel (Slack #inc-YYYYMMDD), post the initial assessment, and page additional responders if P1/P2.	training/library/topics/incident-command	arc-incident-lifecycle	2	arc-inc-001
arc-inc-003	sre	medium	arc-incident-lifecycle, investigation, diagnosis	The incident channel is open and the team is assembled. How do you systematically investigate the root cause?	Follow the diagnostic funnel: 1) Check what changed — recent deployments, config changes, infrastructure changes (correlate with deploy timestamps). 2) Check dashboards — error rates, latency percentiles, resource utilization. 3) Read logs — filter by error level, correlate timestamps. 4) Check dependencies — is a downstream service or database unhealthy? 5) Narrow scope — which specific pods, nodes, or regions are affected? Avoid premature hypotheses; let the data guide you.	training/library/topics/debugging-methodology	arc-incident-lifecycle	3	arc-inc-002
arc-inc-004	sre	medium	arc-incident-lifecycle, mitigation, immediate	You have identified that a recent deployment introduced a bug causing 500 errors. What is the fastest way to mitigate the impact?	Rollback the deployment immediately — this is mitigation, not a fix. Use "kubectl rollout undo" or "helm rollback" to restore the previous known-good version. Do NOT attempt to fix forward under pressure unless the rollback itself is risky. Post in the incident channel: "Mitigation: rolled back deployment <SHA> to <previous SHA>. Monitoring for recovery." Watch error rates — they should drop within minutes as old pods replace new ones.	training/library/topics/incident-triage	arc-incident-lifecycle	4	arc-inc-003
arc-inc-005	sre	medium	arc-incident-lifecycle, verification, stable	The rollback is complete and error rates are dropping. How do you confirm the incident is fully resolved?	Monitor key metrics for at least 15-30 minutes: error rate back to baseline, latency within SLO, no new alert firings. Check synthetic monitors and health checks. Verify customer-facing functionality manually (smoke test key flows). Check that no secondary failures were triggered (cascading effects, data inconsistencies). Only after sustained stability should you declare the incident resolved and close the incident channel.	training/library/topics/sre-practices	arc-incident-lifecycle	5	arc-inc-004
arc-inc-006	sre	hard	arc-incident-lifecycle, rca, root-cause	The incident is resolved. How do you conduct a root cause analysis (RCA)?	Gather the timeline: when did the deploy happen, when did alerts fire, when was it mitigated? Identify contributing factors at each level: the code bug (direct cause), lack of staging test coverage (process gap), no canary deployment (deployment gap), slow alert (monitoring gap). Use the "5 Whys" technique to dig past symptoms. Document the causal chain without assigning blame. The goal is systemic understanding, not individual fault-finding.	training/library/topics/postmortem-slo	arc-incident-lifecycle	6	arc-inc-005
arc-inc-007	sre	hard	arc-incident-lifecycle, remediation, permanent	The RCA identified three contributing factors. How do you plan remediation to prevent recurrence?	For each contributing factor, define a concrete action item with an owner and deadline: 1) Code bug — add a specific unit test and integration test covering the failure case. 2) Process gap — add the test scenario to the CI pipeline's staging validation. 3) Deployment gap — implement canary deployments with automated rollback on error rate increase. Prioritize by impact and effort. Track action items in the team's backlog, not just the postmortem doc.	training/library/topics/sre-practices	arc-incident-lifecycle	7	arc-inc-006
arc-inc-008	sre	hard	arc-incident-lifecycle, retro, blameless	How do you run an effective blameless postmortem retrospective?	Hold the retro within 48 hours while memory is fresh. Structure: 1) Timeline review — walk through events chronologically. 2) What went well — fast detection, effective rollback. 3) What went poorly — slow triage, missing runbook. 4) Action items — specific, measurable, assigned, time-bound. Key principles: blameless (focus on systems, not people), assume good intentions, the goal is learning. Publish the postmortem document internally so other teams learn from it. Follow up on action items in subsequent sprints.	training/library/topics/postmortem-slo	arc-incident-lifecycle	8	arc-inc-007
arc-inc-009	sre	hard	arc-incident-lifecycle, action-items, follow-through	The postmortem produced 5 action items. How do you ensure they are actually completed and not forgotten?	Assign each action item to a specific owner (not a team) with a due date. Create tickets in the team's issue tracker (Jira, Linear, GitHub Issues) — postmortem docs alone are not tracked. Review action item status in weekly team meetings. Set a postmortem review date (30 days out) to verify all items are complete. Track postmortem action item completion rate as an SRE team metric. Incomplete action items from past incidents are a leading indicator of future incidents.	training/library/topics/sre-practices	arc-incident-lifecycle	9	arc-inc-008
