How is Elasticsearch different from traditional relational databases?	Unlike traditional relational databases, Elasticsearch is schema-less, which means you don't need to define a structure for your data before indexing it. Elasticsearch is also designed for distributed and horizontally scalable architecture, allowing it to handle large volumes of data and queries across multiple nodes. Additionally, Elasticsearch is optimized for search and full-text querying, making it well-suited for scenarios where flexible and fast search capabilities are crucial.	elasticsearch hard indexing mapping query
Explain the concept of Index Aliases in Elasticsearch.	Index Aliases in Elasticsearch provide a way to reference one or more indices with a single, user-defined name. They offer flexibility and abstraction when working with indices.\nCommon use cases include:\n* Index Switching: Alias can be switched from pointing to one index to another, facilitating seamless index management during upgrades or schema changes.\n* Filtering: Aliases can be used to filter data by only including specific indices in the alias.	elasticsearch medium indexing mapping query
"What are the benefits of using the ""Bulk"" API in Elasticsearch?"	"The ""Bulk"" API in Elasticsearch is used for efficient indexing or updating of multiple documents in a single request. \nBenefits include:\n* Reduced Overhead: Fewer HTTP requests result in reduced overhead.\n* Atomicity: Bulk requests are processed as a single atomic operation, ensuring either all or none of the documents are indexed or updated.\n* Improved Throughput: Bulk indexing allows for better throughput compared to individual document requests."	elasticsearch easy indexing query performance
What is the purpose of the Query DSL (Domain Specific Language) in Elasticsearch?	The Query DSL in Elasticsearch is a powerful tool for constructing complex queries. It provides a JSON-based syntax for defining queries, aggregations, and other search operations. The Query DSL allows users to express a wide range of search criteria, including full-text search, term matching, range queries, and more. It's a versatile and expressive language that enables fine-grained control over search behavior and scoring.	elasticsearch easy query aggregation
How is data distributed across different nodes in Elasticsearch?	Elasticsearch distributes data across different nodes in a cluster through the use of shards. Each shard is a self-contained index that can be stored on a separate node. As data is indexed or queried, Elasticsearch distributes the workload across nodes, allowing for parallel processing and improving overall performance. This distribution of data also enhances fault tolerance, as multiple copies (replicas) of each shard can be stored on different nodes.	elasticsearch medium indexing query cluster
How does Elasticsearch handle conflicts in a distributed environment?	Elasticsearch uses a versioning system to handle conflicts in a distributed environment. Each document has a version number, and when conflicting updates occur, Elasticsearch uses the version numbers to determine the most recent update. The concept of optimistic concurrency control is employed, where the document with the highest version is considered the latest. Elasticsearch ensures consistency across nodes by using this versioning mechanism during indexing operations.	elasticsearch hard indexing query cluster
How does Elasticsearch handle distributed search and indexing?	Elasticsearch uses a distributed architecture to handle search and indexing operations across multiple nodes. When a query is executed, it is distributed to relevant shards on different nodes, and the results are aggregated to provide a unified response. Similarly, during indexing, data is distributed across shards on various nodes, allowing for parallel processing. This distributed approach enhances performance, scalability, and fault tolerance in Elasticsearch.	elasticsearch medium indexing query cluster
"Explain the role of the ""Query Cache"" in Elasticsearch."	"The ""Query Cache"" in Elasticsearch is a cache mechanism that stores the results of frequently executed queries. It helps improve query performance by avoiding the need to recompute the results for identical queries. When a query is executed, Elasticsearch checks the query cache first, and if a matching result is found, it is returned without re-executing the query. The query cache can be especially beneficial for read-heavy workloads with repetitive queries."	elasticsearch medium query performance security
"What is the role of the ""Snapshot and Restore"" feature in Elasticsearch?"	"The ""Snapshot and Restore"" feature in Elasticsearch is used for creating backups and restoring data. It involves:\n* Snapshot Creation: Taking a snapshot of an index or cluster at a specific point in time.\n* Repository: Storing snapshots in a repository, which can be a shared file system, Amazon S3, Hadoop Distributed File System (HDFS), or other supported repositories.\n* Restore: Restoring indices from a snapshot in case of data loss or cluster failure."	elasticsearch easy indexing query cluster
How can you implement Full-Text Search in Elasticsearch?	"To implement Full-Text Search in Elasticsearch:\n* Mapping: Define text fields with appropriate analyzers in the index mapping.\n* Query DSL: Use the Query DSL to construct full-text search queries. Common queries include ""match,"" ""match_phrase,"" and ""multi_match.""\n* Analyzer Configuration: Choose the appropriate analyzer based on language and requirements.\n* Relevance Scoring: Leverage Elasticsearch's scoring mechanism to rank search results based on relevance."	elasticsearch medium indexing mapping query
